id_supp,name_supp,phone_supp,head_office,email
1,TALKOLA,(911) 501-3508,931-Ainslie Street-Hinsdale-Maryland-9501,talkola@email.ca
2,ZOXY,(867) 402-3174,354-Oriental Boulevard-Westmoreland-Guam-7830,zoxy@email.biz
3,ENERFORCE,(895) 438-2411,779-Albemarle Terrace-Darlington-Arizona-1650,enerforce@email.tv
4,EWEVILLE,(848) 425-3890,117-Ludlam Place-Wheatfields-Illinois-8620,eweville@email.me
5,ORBEAN,(834) 513-3991,544-Kermit Place-Wakarusa-Idaho-2941,orbean@email.com
6,ORBAXTER,(815) 500-2874,662-Sedgwick Place-Cucumber-Vermont-5683,orbaxter@email.org
7,OBONES,(897) 436-2500,564-Love Lane-Dale-Wisconsin-7190,obones@email.info
8,NURPLEX,(868) 410-3075,112-Loring Avenue-Coral-Kansas-1893,nurplex@email.us
9,SURETECH,(865) 498-2663,897-Commercial Street-Lafferty-New Mexico-3150,suretech@email.biz
10,EVENTEX,(935) 559-3669,994-Union Street-Beechmont-Mississippi-2372,eventex@email.io
11,BALUBA,(817) 517-3855,140-Seigel Court-Sanders-Hawaii-8998,baluba@email.net
12,CEMENTION,(862) 449-2640,211-Joval Court-Keller-Palau-2185,cemention@email.name
13,QUILM,(946) 441-2791,861-Madeline Court-Chautauqua-American Samoa-9618,quilm@email.ca
14,NEOCENT,(982) 482-3519,866-Glendale Court-Catharine-Northern Mariana Islands-118,neocent@email.biz
15,ORONOKO,(897) 489-3220,339-Hillel Place-Whitmer-Wyoming-4542,oronoko@email.tv
16,PETICULAR,(886) 500-3172,798-Durland Place-Singer-Minnesota-4657,peticular@email.me
17,EARWAX,(956) 515-2720,289-Nova Court-Selma-Florida-6342,earwax@email.com
18,ESSENSIA,(995) 477-3545,775-Visitation Place-Yettem-Iowa-6678,essensia@email.org
19,EXPOSA,(863) 546-3361,937-Chester Avenue-Fresno-Michigan-7413,exposa@email.info
20,TERRAGEN,(810) 467-3342,948-Malta Street-Rivers-Ohio-9775,terragen@email.us
21,ENAUT,(981) 495-3645,247-Chestnut Avenue-Mansfield-North Carolina-2531,enaut@email.biz
22,EYEWAX,(956) 537-3524,709-Empire Boulevard-Como-Maine-7750,eyewax@email.io
23,ACCEL,(861) 584-2325,708-Nixon Court-Esmont-Oregon-6124,accel@email.net
24,MUSANPOLY,(987) 500-2140,296-Oceanic Avenue-Faywood-Arkansas-7312,musanpoly@email.name
25,GINK,(801) 436-3557,269-Mill Street-Tilleda-Kentucky-9230,gink@email.ca
26,CEPRENE,(888) 570-3469,273-Butler Place-Dodge-Alaska-7784,ceprene@email.biz
27,FLUM,(893) 492-3760,342-Harbor Court-Chalfant-Utah-1394,flum@email.tv
28,ENQUILITY,(807) 458-3813,592-Legion Street-Bancroft-Indiana-6030,enquility@email.me
29,WAAB,(833) 488-3648,450-Dupont Street-Newcastle-New Hampshire-8047,waab@email.com
30,AQUOAVO,(965) 480-2333,972-Quincy Street-Deputy-North Dakota-2129,aquoavo@email.org
31,COMCUR,(821) 529-3352,518-Lewis Avenue-Moquino-Virginia-3168,comcur@email.info
32,TALENDULA,(843) 500-3158,401-Maple Avenue-Templeton-California-435,talendula@email.us
33,EXOSTREAM,(982) 430-3062,265-Plaza Street-Maxville-Federated States Of Micronesia-683,exostream@email.biz
34,MOLTONIC,(821) 467-3826,460-Christopher Avenue-Elliott-New York-6872,moltonic@email.io
35,ISOPLEX,(815) 558-3613,244-Doughty Street-Avoca-Pennsylvania-4542,isoplex@email.net
36,ESCENTA,(906) 500-2170,583-Jodie Court-Oretta-Colorado-8610,escenta@email.name
37,WARETEL,(882) 519-2400,624-Florence Avenue-Kenwood-Louisiana-930,waretel@email.ca
38,AQUASURE,(994) 486-3710,338-Emmons Avenue-Hailesboro-Montana-8035,aquasure@email.biz
39,MANUFACT,(978) 489-3455,918-Ocean Parkway-Dunbar-Nevada-3611,manufact@email.tv
40,ISOTRONIC,(917) 484-3819,240-Ide Court-Defiance-Georgia-2457,isotronic@email.me
41,COMSTAR,(904) 512-2032,782-Verona Street-Hemlock-Connecticut-315,comstar@email.com
42,MULTIFLEX,(980) 472-2139,870-Quentin Road-Draper-Rhode Island-4236,multiflex@email.org
43,RETRACK,(819) 409-3301,286-Meserole Street-Keyport-District Of Columbia-3223,retrack@email.info
44,UTARA,(874) 417-2375,414-Bowery Street-Dyckesville-Puerto Rico-3310,utara@email.us
45,EVEREST,(902) 435-3483,685-Ryerson Street-Elfrida-Washington-5002,everest@email.biz
46,IRACK,(847) 461-3528,615-Dakota Place-Darrtown-South Carolina-8894,irack@email.io
47,PEARLESSA,(865) 470-3850,839-Blake Court-Bend-Nebraska-4192,pearlessa@email.net
48,ISOPOP,(824) 556-3934,478-President Street-Irwin-Alabama-6461,isopop@email.name
49,BEZAL,(915) 564-2985,750-Chester Court-Brutus-Delaware-9538,bezal@email.ca
50,SEQUITUR,(924) 498-3596,674-Adams Street-Rutherford-Missouri-2462,sequitur@email.biz
51,EARBANG,(826) 525-2790,910-Grattan Street-Dragoon-Oklahoma-2528,earbang@email.tv
52,TETAK,(938) 431-2276,756-Putnam Avenue-Kerby-South Dakota-514,tetak@email.me
53,ISOTRACK,(881) 461-3360,108-Euclid Avenue-Torboy-Texas-2243,isotrack@email.com
54,EWAVES,(874) 550-2865,708-Bergen Court-Movico-Virgin Islands-2988,ewaves@email.org
55,KLUGGER,(905) 489-3605,684-Hopkins Street-Wintersburg-Tennessee-9563,klugger@email.info
56,VORTEXACO,(867) 588-2174,919-Stratford Road-Monument-Massachusetts-2906,vortexaco@email.us
57,CABLAM,(829) 506-3656,772-Karweg Place-Shelby-Marshall Islands-5780,cablam@email.biz
58,PLASTO,(918) 417-2968,868-Huntington Street-Ripley-West Virginia-1207,plasto@email.io
59,TUBALUM,(830) 588-3050,626-Bliss Terrace-Blandburg-Maryland-4567,tubalum@email.net
60,PARCOE,(823) 539-3957,256-Evergreen Avenue-Brogan-Guam-9886,parcoe@email.name
61,NEPTIDE,(931) 491-3133,174-Banker Street-Finderne-Arizona-196,neptide@email.ca
62,NAMEGEN,(838) 518-2751,665-Middleton Street-Austinburg-Illinois-4082,namegen@email.biz
63,ANIXANG,(941) 434-2204,761-Vandalia Avenue-Jardine-Idaho-8859,anixang@email.tv
64,FORTEAN,(975) 470-3231,809-Havens Place-Tilden-Vermont-5580,fortean@email.me
65,PYRAMAX,(922) 461-2171,287-Vandam Street-Boomer-Wisconsin-1436,pyramax@email.com
66,BOINK,(901) 597-3031,404-Rapelye Street-Wauhillau-Kansas-3296,boink@email.org
67,SLOFAST,(952) 433-2690,568-Union Avenue-Outlook-New Mexico-1132,slofast@email.info
68,EXTRAGEN,(995) 453-2820,363-Varanda Place-Lithium-Mississippi-7719,extragen@email.us
69,LOVEPAD,(811) 567-2760,629-Hendrix Street-Tyro-Hawaii-7036,lovepad@email.biz
70,ARCHITAX,(858) 502-2388,506-Sunnyside Avenue-Coloma-Palau-6495,architax@email.io
71,EARTHWAX,(958) 548-2426,447-Melrose Street-Dupuyer-American Samoa-4847,earthwax@email.net
72,INDEXIA,(888) 585-2925,953-Jardine Place-Alamo-Northern Mariana Islands-7283,indexia@email.name
73,INTRAWEAR,(885) 427-3380,144-Jefferson Avenue-Comptche-Wyoming-2719,intrawear@email.ca
74,AUTOGRATE,(990) 404-3389,630-Tilden Avenue-Fedora-Minnesota-7049,autograte@email.biz
75,TERASCAPE,(885) 551-2981,351-Sandford Street-Hondah-Florida-141,terascape@email.tv
76,GROK,(959) 565-3543,925-Wyckoff Street-Kieler-Iowa-3330,grok@email.me
77,GADTRON,(817) 585-3413,986-Wortman Avenue-Edgar-Michigan-4601,gadtron@email.com
78,ACCUSAGE,(896) 452-2491,385-Wyona Street-Manitou-Ohio-1261,accusage@email.org
79,ZOLARITY,(905) 485-3177,973-Montauk Avenue-Nanafalia-North Carolina-1122,zolarity@email.info
80,RECRITUBE,(845) 458-3665,416-Manor Court-Hatteras-Maine-2514,recritube@email.us
81,SECURIA,(909) 524-2497,941-Boulevard Court-Nutrioso-Oregon-840,securia@email.biz
82,ISOLOGIA,(839) 449-3917,383-Ivan Court-Conway-Arkansas-9583,isologia@email.io
83,VIDTO,(869) 451-2176,467-Humboldt Street-Warren-Kentucky-8060,vidto@email.net
84,QUILK,(821) 474-2241,186-Devoe Street-Mulino-Alaska-4699,quilk@email.name
85,ORBOID,(961) 593-3424,697-McKibbin Street-Baden-Utah-9749,orboid@email.ca
86,WEBIOTIC,(935) 551-2028,814-Ridge Boulevard-Nettie-Indiana-3338,webiotic@email.biz
87,JETSILK,(987) 530-3348,459-Fuller Place-Sattley-New Hampshire-1570,jetsilk@email.tv
88,PLEXIA,(925) 527-2644,191-Pershing Loop-Stewart-North Dakota-2111,plexia@email.me
89,ZENTIA,(845) 548-2004,521-Just Court-Canby-Virginia-9559,zentia@email.com
90,MEDICROIX,(809) 431-2139,481-Wilson Street-Trexlertown-California-9577,medicroix@email.org
91,MOMENTIA,(980) 451-2072,203-Cadman Plaza-Wyoming-Federated States Of Micronesia-9998,momentia@email.info
92,RODEMCO,(947) 553-3216,525-Cooper Street-Clay-New York-3386,rodemco@email.us
93,GOLOGY,(964) 491-2514,815-Homecrest Avenue-Sanford-Pennsylvania-4612,gology@email.biz
94,UPLINX,(878) 433-3395,868-Coles Street-Corriganville-Colorado-7084,uplinx@email.io
95,ENDIPIN,(936) 454-3414,812-Kane Street-Bluffview-Louisiana-6429,endipin@email.net
96,NORSUL,(980) 527-3480,786-Hastings Street-Ernstville-Montana-3222,norsul@email.name
97,TUBESYS,(826) 589-2939,586-Bergen Place-Ebro-Nevada-5557,tubesys@email.ca
98,TERSANKI,(807) 490-3899,725-Schermerhorn Street-Bath-Georgia-6849,tersanki@email.biz
99,ZIDANT,(961) 568-2121,596-Huron Street-Iola-Connecticut-3847,zidant@email.tv
100,QUANTASIS,(825) 562-2148,656-Jackson Place-Toftrees-Rhode Island-4734,quantasis@email.me
